{
  "pages": {
    "0": {
      "page_index_0based": 0,
      "page_1based": 1,
      "fitz_rect": [0, 0, 595.2760009765625, 841.8900146484375],
      "width_pt": 595.2760009765625,
      "height_pt": 841.8900146484375,
      "rotation": 0,
      "mediabox": [0, 0, 595.2760009765625, 841.8900146484375],
      "cropbox": null,
      "mediabox_origin": [0, 0],
      "cropbox_offset_from_mediabox": null,
      "n_annots_raw": 44
    },
    "1": {
      "page_index_0based": 1,
      "page_1based": 2,
      "fitz_rect": [0, 0, 595.2760009765625, 841.8900146484375],
      "width_pt": 595.2760009765625,
      "height_pt": 841.8900146484375,
      "rotation": 0,
      "mediabox": [0, 0, 595.2760009765625, 841.8900146484375],
      "cropbox": null,
      "mediabox_origin": [0, 0],
      "cropbox_offset_from_mediabox": null,
      "n_annots_raw": 3
    },
    "2": {
      "page_index_0based": 2,
      "page_1based": 3,
      "fitz_rect": [0, 0, 595.2760009765625, 841.8900146484375],
      "width_pt": 595.2760009765625,
      "height_pt": 841.8900146484375,
      "rotation": 0,
      "mediabox": [0, 0, 595.2760009765625, 841.8900146484375],
      "cropbox": null,
      "mediabox_origin": [0, 0],
      "cropbox_offset_from_mediabox": null,
      "n_annots_raw": 3
    },
    "3": {
      "page_index_0based": 3,
      "page_1based": 4,
      "fitz_rect": [0, 0, 595.2760009765625, 841.8900146484375],
      "width_pt": 595.2760009765625,
      "height_pt": 841.8900146484375,
      "rotation": 0,
      "mediabox": [0, 0, 595.2760009765625, 841.8900146484375],
      "cropbox": null,
      "mediabox_origin": [0, 0],
      "cropbox_offset_from_mediabox": null,
      "n_annots_raw": 4
    },
    "4": {
      "page_index_0based": 4,
      "page_1based": 5,
      "fitz_rect": [0, 0, 595.2760009765625, 841.8900146484375],
      "width_pt": 595.2760009765625,
      "height_pt": 841.8900146484375,
      "rotation": 0,
      "mediabox": [0, 0, 595.2760009765625, 841.8900146484375],
      "cropbox": null,
      "mediabox_origin": [0, 0],
      "cropbox_offset_from_mediabox": null,
      "n_annots_raw": 13
    },
    "5": {
      "page_index_0based": 5,
      "page_1based": 6,
      "fitz_rect": [0, 0, 595.2760009765625, 841.8900146484375],
      "width_pt": 595.2760009765625,
      "height_pt": 841.8900146484375,
      "rotation": 0,
      "mediabox": [0, 0, 595.2760009765625, 841.8900146484375],
      "cropbox": null,
      "mediabox_origin": [0, 0],
      "cropbox_offset_from_mediabox": null,
      "n_annots_raw": 5
    },
    "6": {
      "page_index_0based": 6,
      "page_1based": 7,
      "fitz_rect": [0, 0, 595.2760009765625, 841.8900146484375],
      "width_pt": 595.2760009765625,
      "height_pt": 841.8900146484375,
      "rotation": 0,
      "mediabox": [0, 0, 595.2760009765625, 841.8900146484375],
      "cropbox": null,
      "mediabox_origin": [0, 0],
      "cropbox_offset_from_mediabox": null,
      "n_annots_raw": 10
    },
    "7": {
      "page_index_0based": 7,
      "page_1based": 8,
      "fitz_rect": [0, 0, 595.2760009765625, 841.8900146484375],
      "width_pt": 595.2760009765625,
      "height_pt": 841.8900146484375,
      "rotation": 0,
      "mediabox": [0, 0, 595.2760009765625, 841.8900146484375],
      "cropbox": null,
      "mediabox_origin": [0, 0],
      "cropbox_offset_from_mediabox": null,
      "n_annots_raw": 7
    },
    "8": {
      "page_index_0based": 8,
      "page_1based": 9,
      "fitz_rect": [0, 0, 595.2760009765625, 841.8900146484375],
      "width_pt": 595.2760009765625,
      "height_pt": 841.8900146484375,
      "rotation": 0,
      "mediabox": [0, 0, 595.2760009765625, 841.8900146484375],
      "cropbox": null,
      "mediabox_origin": [0, 0],
      "cropbox_offset_from_mediabox": null,
      "n_annots_raw": 72
    },
    "9": {
      "page_index_0based": 9,
      "page_1based": 10,
      "fitz_rect": [0, 0, 595.2760009765625, 841.8900146484375],
      "width_pt": 595.2760009765625,
      "height_pt": 841.8900146484375,
      "rotation": 0,
      "mediabox": [0, 0, 595.2760009765625, 841.8900146484375],
      "cropbox": null,
      "mediabox_origin": [0, 0],
      "cropbox_offset_from_mediabox": null,
      "n_annots_raw": 1
    },
    "10": {
      "page_index_0based": 10,
      "page_1based": 11,
      "fitz_rect": [0, 0, 595.2760009765625, 841.8900146484375],
      "width_pt": 595.2760009765625,
      "height_pt": 841.8900146484375,
      "rotation": 0,
      "mediabox": [0, 0, 595.2760009765625, 841.8900146484375],
      "cropbox": null,
      "mediabox_origin": [0, 0],
      "cropbox_offset_from_mediabox": null,
      "n_annots_raw": 18
    },
    "11": {
      "page_index_0based": 11,
      "page_1based": 12,
      "fitz_rect": [0, 0, 595.2760009765625, 841.8900146484375],
      "width_pt": 595.2760009765625,
      "height_pt": 841.8900146484375,
      "rotation": 0,
      "mediabox": [0, 0, 595.2760009765625, 841.8900146484375],
      "cropbox": null,
      "mediabox_origin": [0, 0],
      "cropbox_offset_from_mediabox": null,
      "n_annots_raw": 2
    },
    "12": {
      "page_index_0based": 12,
      "page_1based": 13,
      "fitz_rect": [0, 0, 595.2760009765625, 841.8900146484375],
      "width_pt": 595.2760009765625,
      "height_pt": 841.8900146484375,
      "rotation": 0,
      "mediabox": [0, 0, 595.2760009765625, 841.8900146484375],
      "cropbox": null,
      "mediabox_origin": [0, 0],
      "cropbox_offset_from_mediabox": null,
      "n_annots_raw": 34
    },
    "13": {
      "page_index_0based": 13,
      "page_1based": 14,
      "fitz_rect": [0, 0, 595.2760009765625, 841.8900146484375],
      "width_pt": 595.2760009765625,
      "height_pt": 841.8900146484375,
      "rotation": 0,
      "mediabox": [0, 0, 595.2760009765625, 841.8900146484375],
      "cropbox": null,
      "mediabox_origin": [0, 0],
      "cropbox_offset_from_mediabox": null,
      "n_annots_raw": 2
    },
    "14": {
      "page_index_0based": 14,
      "page_1based": 15,
      "fitz_rect": [0, 0, 595.2760009765625, 841.8900146484375],
      "width_pt": 595.2760009765625,
      "height_pt": 841.8900146484375,
      "rotation": 0,
      "mediabox": [0, 0, 595.2760009765625, 841.8900146484375],
      "cropbox": null,
      "mediabox_origin": [0, 0],
      "cropbox_offset_from_mediabox": null,
      "n_annots_raw": 2
    },
    "15": {
      "page_index_0based": 15,
      "page_1based": 16,
      "fitz_rect": [0, 0, 595.2760009765625, 841.8900146484375],
      "width_pt": 595.2760009765625,
      "height_pt": 841.8900146484375,
      "rotation": 0,
      "mediabox": [0, 0, 595.2760009765625, 841.8900146484375],
      "cropbox": null,
      "mediabox_origin": [0, 0],
      "cropbox_offset_from_mediabox": null,
      "n_annots_raw": 1
    },
    "16": {
      "page_index_0based": 16,
      "page_1based": 17,
      "fitz_rect": [0, 0, 595.2760009765625, 841.8900146484375],
      "width_pt": 595.2760009765625,
      "height_pt": 841.8900146484375,
      "rotation": 0,
      "mediabox": [0, 0, 595.2760009765625, 841.8900146484375],
      "cropbox": null,
      "mediabox_origin": [0, 0],
      "cropbox_offset_from_mediabox": null,
      "n_annots_raw": 16
    },
    "20": {
      "page_index_0based": 20,
      "page_1based": 21,
      "fitz_rect": [0, 0, 595.2760009765625, 841.8900146484375],
      "width_pt": 595.2760009765625,
      "height_pt": 841.8900146484375,
      "rotation": 0,
      "mediabox": [0, 0, 595.2760009765625, 841.8900146484375],
      "cropbox": null,
      "mediabox_origin": [0, 0],
      "cropbox_offset_from_mediabox": null,
      "n_annots_raw": 9
    },
    "21": {
      "page_index_0based": 21,
      "page_1based": 22,
      "fitz_rect": [0, 0, 595.2760009765625, 841.8900146484375],
      "width_pt": 595.2760009765625,
      "height_pt": 841.8900146484375,
      "rotation": 0,
      "mediabox": [0, 0, 595.2760009765625, 841.8900146484375],
      "cropbox": null,
      "mediabox_origin": [0, 0],